seller_id,policy,elapsed_frac,shading,spend,roas
seller_1,aggressive,0.5824768518518518,0.8008,0.0,0.0
seller_2,roi_driven,0.5824768518518518,0.8004,0.0,0.0
seller_3,conservative,0.5824768518518518,0.80008,0.0,0.0
seller_1,aggressive,0.37527777777777777,2.1757126849342647,0.8999999999999999,0.0
seller_2,roi_driven,0.37527777777777777,0.3041799683461122,0.30000000000000004,0.0
seller_3,conservative,0.37527777777777777,0.8842207273139835,0.30000000000000004,0.0
seller_1,aggressive,0.08184027777777778,5.0,1.8000000000000005,0.0
seller_2,roi_driven,0.08184027777777778,0.11184558266784175,0.30000000000000004,0.0
seller_3,conservative,0.08184027777777778,0.9729179404587317,0.4,125.0
seller_1,aggressive,0.8943055555555556,5.0,2.600000000000001,0.0
seller_2,roi_driven,0.8943055555555556,0.04112510902780801,0.30000000000000004,0.0
seller_3,conservative,0.8943055555555556,1.0728712574175567,0.4,125.0
seller_1,aggressive,0.4659490740740741,5.0,3.800000000000002,0.0
seller_2,roi_driven,0.4659490740740741,0.015121514432732075,0.30000000000000004,0.0
seller_3,conservative,0.4659490740740741,1.1791938138071965,0.5,100.0
seller_1,aggressive,0.13252314814814814,5.0,4.899999999999999,0.0
seller_2,roi_driven,0.13252314814814814,0.01,0.30000000000000004,0.0
seller_3,conservative,0.13252314814814814,1.2989087783162665,0.6,83.33333333333334
seller_1,aggressive,0.7326273148148148,5.0,5.999999999999995,0.0
seller_2,roi_driven,0.7326273148148148,0.01,0.30000000000000004,0.0
seller_3,conservative,0.7326273148148148,1.419797928582534,0.6,83.33333333333334
seller_1,aggressive,0.07175925925925926,5.0,6.8999999999999915,0.0
seller_2,roi_driven,0.07175925925925926,0.01,0.30000000000000004,0.0
seller_3,conservative,0.07175925925925926,1.5570703745897674,0.8999999999999999,55.555555555555564
seller_1,aggressive,0.3840162037037037,5.0,7.499999999999989,0.0
seller_2,roi_driven,0.3840162037037037,0.01,0.30000000000000004,0.0
seller_3,conservative,0.3840162037037037,1.7113775214728364,0.9999999999999999,50.00000000000001
seller_1,aggressive,0.6046412037037037,5.0,8.099999999999987,0.0
seller_2,roi_driven,0.6046412037037037,0.01,0.30000000000000004,0.0
seller_3,conservative,0.6046412037037037,1.8747768743478495,1.3,76.92307692307692
seller_1,aggressive,0.22793981481481482,5.0,8.899999999999984,0.0
seller_2,roi_driven,0.22793981481481482,0.01,0.30000000000000004,0.0
seller_3,conservative,0.22793981481481482,2.051518384438374,1.3,76.92307692307692
seller_1,aggressive,0.03234953703703704,5.0,10.19999999999998,4.901960784313736
seller_2,roi_driven,0.03234953703703704,0.01,0.30000000000000004,0.0
seller_3,conservative,0.03234953703703704,2.2473937960424353,1.4000000000000001,71.42857142857142
seller_1,aggressive,6.944444444444444e-05,5.0,10.999999999999977,4.545454545454555
seller_2,roi_driven,6.944444444444444e-05,0.01,0.30000000000000004,0.0
seller_3,conservative,6.944444444444444e-05,2.445768277858816,1.8000000000000005,55.55555555555554
seller_1,aggressive,0.5286921296296296,5.0,12.499999999999972,4.000000000000009
seller_2,roi_driven,0.5286921296296296,0.01,0.30000000000000004,0.0
seller_3,conservative,0.5286921296296296,2.655801181986528,2.2000000000000006,45.45454545454544
seller_1,aggressive,0.8825694444444444,5.0,13.399999999999968,3.7313432835820985
seller_2,roi_driven,0.8825694444444444,0.01,0.30000000000000004,0.0
seller_3,conservative,0.8825694444444444,2.887046314423175,2.500000000000001,39.999999999999986
seller_1,aggressive,0.8517361111111111,5.0,14.399999999999965,3.4722222222222308
seller_2,roi_driven,0.8517361111111111,0.01,0.30000000000000004,0.0
seller_3,conservative,0.8517361111111111,3.104077469423863,3.0000000000000013,33.33333333333332
seller_1,aggressive,0.6401388888888889,5.0,15.099999999999962,3.311258278145704
seller_2,roi_driven,0.6401388888888889,0.01,0.30000000000000004,0.0
seller_3,conservative,0.6401388888888889,3.33375295063624,3.1000000000000014,32.25806451612902
seller_1,aggressive,0.48778935185185185,5.0,15.79999999999996,3.1645569620253244
seller_2,roi_driven,0.48778935185185185,0.01,0.30000000000000004,0.0
seller_3,conservative,0.48778935185185185,3.596218168644038,3.800000000000002,26.315789473684195
seller_1,aggressive,0.15243055555555557,5.0,16.399999999999963,3.0487804878048848
seller_2,roi_driven,0.15243055555555557,0.01,0.30000000000000004,0.0
seller_3,conservative,0.15243055555555557,3.8411140033368,4.000000000000002,24.99999999999999
seller_1,aggressive,0.5764699074074074,5.0,16.99999999999997,2.9411764705882404
seller_2,roi_driven,0.5764699074074074,0.01,0.30000000000000004,0.0
seller_3,conservative,0.5764699074074074,4.089164165034853,4.699999999999999,21.276595744680854
seller_1,aggressive,0.7705439814814815,5.0,17.59999999999998,2.840909090909094
seller_2,roi_driven,0.7705439814814815,0.01,0.30000000000000004,0.0
seller_3,conservative,0.7705439814814815,4.334112092009413,5.399999999999997,18.51851851851853
seller_1,aggressive,0.3527430555555556,5.0,18.099999999999987,2.762430939226521
seller_2,roi_driven,0.3527430555555556,0.01,0.30000000000000004,0.0
seller_3,conservative,0.3527430555555556,4.5635004511187836,6.399999999999993,15.625000000000016
seller_1,aggressive,0.9912731481481482,5.0,18.699999999999996,2.6737967914438507
seller_2,roi_driven,0.9912731481481482,0.01,0.30000000000000004,0.0
seller_3,conservative,0.9912731481481482,4.805029478992085,6.999999999999991,14.285714285714304
seller_1,aggressive,0.7484722222222222,5.0,19.0,2.6315789473684212
seller_2,roi_driven,0.7484722222222222,0.01,0.30000000000000004,0.0
seller_3,conservative,0.7484722222222222,4.992495006505318,7.499999999999989,13.333333333333352
seller_1,aggressive,0.7465046296296296,5.0,19.300000000000004,2.590673575129533
seller_2,roi_driven,0.7465046296296296,0.01,0.30000000000000004,0.0
seller_3,conservative,0.7465046296296296,5.0,8.099999999999987,12.345679012345698
seller_1,aggressive,0.6880902777777778,5.0,19.500000000000007,2.564102564102563
seller_2,roi_driven,0.6880902777777778,0.01,0.30000000000000004,0.0
seller_3,conservative,0.6880902777777778,5.0,8.699999999999985,11.494252873563239
seller_1,aggressive,0.21069444444444443,5.0,20.100000000000016,2.4875621890547244
seller_2,roi_driven,0.21069444444444443,0.01,0.30000000000000004,0.0
seller_3,conservative,0.21069444444444443,5.0,9.599999999999982,10.416666666666686
seller_1,aggressive,0.8018402777777778,5.0,20.700000000000024,2.4154589371980646
seller_2,roi_driven,0.8018402777777778,0.01,0.30000000000000004,0.0
seller_3,conservative,0.8018402777777778,4.997473247142312,10.19999999999998,9.803921568627471
seller_1,aggressive,0.622025462962963,5.0,21.20000000000003,2.3584905660377324
seller_2,roi_driven,0.622025462962963,0.01,0.30000000000000004,0.0
seller_3,conservative,0.622025462962963,4.996808553369085,10.899999999999977,9.174311926605524
seller_1,aggressive,0.4897222222222222,5.0,21.80000000000004,2.293577981651372
seller_2,roi_driven,0.4897222222222222,0.01,0.30000000000000004,0.0
seller_3,conservative,0.4897222222222222,4.994994502203824,11.599999999999975,8.620689655172432
seller_1,aggressive,0.9111689814814815,5.0,22.300000000000047,2.2421524663677084
seller_2,roi_driven,0.9111689814814815,0.01,0.30000000000000004,0.0
seller_3,conservative,0.9111689814814815,5.0,12.199999999999973,12.295081967213143
seller_1,aggressive,0.5436921296296297,5.0,22.900000000000055,2.183406113537113
seller_2,roi_driven,0.5436921296296297,0.01,0.30000000000000004,0.0
seller_3,conservative,0.5436921296296297,4.968057292137655,12.89999999999997,11.627906976744214
seller_1,aggressive,0.31324074074074076,5.0,23.600000000000065,2.118644067796604
seller_2,roi_driven,0.31324074074074076,0.01,0.30000000000000004,0.0
seller_3,conservative,0.31324074074074076,4.95093929796498,13.399999999999968,11.194029850746295
seller_1,aggressive,0.1429513888888889,5.0,23.800000000000068,2.1008403361344477
seller_2,roi_driven,0.1429513888888889,0.01,0.30000000000000004,0.0
seller_3,conservative,0.1429513888888889,4.917618008659525,14.099999999999966,14.184397163120602
seller_1,aggressive,0.8401967592592593,5.0,24.300000000000075,2.0576131687242736
seller_2,roi_driven,0.8401967592592593,0.01,0.30000000000000004,0.0
seller_3,conservative,0.8401967592592593,4.900673808650218,14.699999999999964,13.605442176870781
seller_1,aggressive,0.7008333333333333,5.0,24.70000000000008,2.024291497975702
seller_2,roi_driven,0.7008333333333333,0.01,0.30000000000000004,0.0
seller_3,conservative,0.7008333333333333,4.937830673912631,15.499999999999961,12.903225806451646
seller_1,aggressive,0.8000925925925926,5.0,25.800000000000097,1.9379844961240238
seller_2,roi_driven,0.8000925925925926,0.01,0.30000000000000004,0.0
seller_3,conservative,0.8000925925925926,4.893814507072423,15.89999999999996,12.57861635220129
seller_1,aggressive,0.18773148148148147,5.0,26.500000000000107,1.8867924528301812
seller_2,roi_driven,0.18773148148148147,0.01,0.30000000000000004,0.0
seller_3,conservative,0.18773148148148147,4.76029482233619,16.499999999999964,12.121212121212148
seller_1,aggressive,0.8376273148148148,5.0,27.100000000000115,1.845018450184494
seller_2,roi_driven,0.8376273148148148,0.01,0.30000000000000004,0.0
seller_3,conservative,0.8376273148148148,4.754345459421649,17.59999999999998,11.363636363636376
seller_1,aggressive,0.8899537037037037,5.0,27.700000000000124,1.8050541516245406
seller_2,roi_driven,0.8899537037037037,0.01,0.30000000000000004,0.0
seller_3,conservative,0.8899537037037037,4.614463382294755,18.39999999999999,10.86956521739131
seller_1,aggressive,0.13461805555555556,5.0,28.500000000000135,1.7543859649122724
seller_2,roi_driven,0.13461805555555556,0.01,0.30000000000000004,0.0
seller_3,conservative,0.13461805555555556,4.52327637629758,19.0,10.526315789473685
seller_1,aggressive,0.7880902777777777,5.0,29.200000000000145,1.7123287671232792
seller_2,roi_driven,0.7880902777777777,0.01,0.30000000000000004,0.0
seller_3,conservative,0.7880902777777777,4.2150220250918276,19.60000000000001,10.204081632653057
seller_1,aggressive,0.4937152777777778,5.0,29.800000000000153,1.67785234899328
seller_2,roi_driven,0.4937152777777778,0.01,0.30000000000000004,0.0
seller_3,conservative,0.4937152777777778,4.028461064206489,20.000000000000014,9.999999999999993
seller_1,aggressive,0.35203703703703704,5.0,31.300000000000175,1.59744408945686
seller_2,roi_driven,0.35203703703703704,0.01,0.30000000000000004,0.0
seller_3,conservative,0.35203703703703704,3.8842037662081887,20.600000000000023,9.708737864077658
seller_1,aggressive,0.8486689814814815,5.0,31.800000000000182,1.5723270440251482
seller_2,roi_driven,0.8486689814814815,0.01,0.30000000000000004,0.0
seller_3,conservative,0.8486689814814815,3.675698454608872,21.600000000000037,9.259259259259244
seller_1,aggressive,0.48944444444444446,5.0,33.0000000000002,1.515151515151506
seller_2,roi_driven,0.48944444444444446,0.01,0.30000000000000004,0.0
seller_3,conservative,0.48944444444444446,3.482215829828063,22.100000000000044,9.04977375565609
seller_1,aggressive,0.14564814814814814,5.0,33.60000000000021,1.4880952380952288
seller_2,roi_driven,0.14564814814814814,0.01,0.30000000000000004,0.0
seller_3,conservative,0.14564814814814814,3.2700017326811737,22.40000000000005,8.92857142857141
seller_1,aggressive,0.9782060185185185,5.0,34.50000000000022,1.4492753623188313
seller_2,roi_driven,0.9782060185185185,0.01,0.30000000000000004,0.0
seller_3,conservative,0.9782060185185185,3.033772082633729,23.10000000000006,8.658008658008637
seller_1,aggressive,0.03511574074074074,5.0,36.10000000000024,1.3850415512465282
seller_2,roi_driven,0.03511574074074074,0.01,0.30000000000000004,0.0
seller_3,conservative,0.03511574074074074,2.889937533763362,23.30000000000006,8.583690987124442
seller_1,aggressive,0.7928935185185185,5.0,36.80000000000025,1.3586956521739038
seller_2,roi_driven,0.7928935185185185,0.01,0.30000000000000004,0.0
seller_3,conservative,0.7928935185185185,2.6401723387091804,24.300000000000075,8.230452674897094
seller_1,aggressive,0.8430671296296296,5.0,37.30000000000026,1.3404825737265322
seller_2,roi_driven,0.8430671296296296,0.01,0.30000000000000004,0.0
seller_3,conservative,0.8430671296296296,2.4173079245152893,24.500000000000078,8.163265306122423
seller_1,aggressive,0.26760416666666664,5.0,37.80000000000027,1.3227513227513135
seller_2,roi_driven,0.26760416666666664,0.01,0.30000000000000004,0.0
seller_3,conservative,0.26760416666666664,2.287546055064093,24.70000000000008,8.097165991902807
seller_1,aggressive,0.27914351851851854,5.0,39.30000000000029,1.2722646310432477
seller_2,roi_driven,0.27914351851851854,0.01,0.30000000000000004,0.0
seller_3,conservative,0.27914351851851854,2.106004238366202,24.800000000000082,8.064516129032231
seller_1,aggressive,0.37422453703703706,5.0,39.9000000000003,1.253132832080191
seller_2,roi_driven,0.37422453703703706,0.01,0.30000000000000004,0.0
seller_3,conservative,0.37422453703703706,1.9474234330213034,25.100000000000087,7.968127490039813
seller_1,aggressive,0.2395138888888889,5.0,40.90000000000031,1.222493887530553
seller_2,roi_driven,0.2395138888888889,0.01,0.30000000000000004,0.0
seller_3,conservative,0.2395138888888889,1.7968245139760861,25.40000000000009,7.874015748031468
seller_1,aggressive,0.027627314814814816,5.0,41.900000000000325,2.3866348448687167
seller_2,roi_driven,0.027627314814814816,0.01,0.30000000000000004,0.0
seller_3,conservative,0.027627314814814816,1.6929018457585694,25.500000000000092,7.843137254901932
seller_1,aggressive,0.021631944444444443,5.0,42.90000000000034,2.3310023310023125
seller_2,roi_driven,0.021631944444444443,0.01,0.30000000000000004,0.0
seller_3,conservative,0.021631944444444443,1.5029660973126737,25.700000000000095,7.782101167315147
seller_1,aggressive,0.039467592592592596,5.0,43.900000000000354,2.277904328018205
seller_2,roi_driven,0.039467592592592596,0.01,0.30000000000000004,0.0
seller_3,conservative,0.039467592592592596,1.3715608063539595,26.0000000000001,7.692307692307663
seller_1,aggressive,0.8532407407407407,5.0,44.90000000000037,2.2271714922048815
seller_2,roi_driven,0.8532407407407407,0.01,0.30000000000000004,0.0
seller_3,conservative,0.8532407407407407,1.2530225513482998,26.300000000000104,7.6045627376425555
seller_1,aggressive,0.9150115740740741,5.0,45.80000000000038,2.1834061135371
seller_2,roi_driven,0.9150115740740741,0.01,0.30000000000000004,0.0
seller_3,conservative,0.9150115740740741,1.1586707349140226,26.400000000000105,7.575757575757546
seller_1,aggressive,0.29984953703703704,5.0,46.800000000000395,2.1367521367521185
seller_2,roi_driven,0.29984953703703704,0.01,0.30000000000000004,0.0
seller_3,conservative,0.29984953703703704,1.0400562644238747,26.70000000000011,7.49063670411982
seller_1,aggressive,0.8815046296296296,5.0,47.70000000000041,2.0964360587001916
seller_2,roi_driven,0.8815046296296296,0.01,0.30000000000000004,0.0
seller_3,conservative,0.8815046296296296,0.943915289709494,26.80000000000011,7.462686567164148
seller_1,aggressive,0.8672800925925926,5.0,48.60000000000042,2.057613168724262
seller_2,roi_driven,0.8672800925925926,0.01,0.30000000000000004,0.0
seller_3,conservative,0.8672800925925926,0.8547779875517569,26.900000000000112,7.4349442379181845
seller_1,aggressive,0.4922222222222222,5.0,49.600000000000435,2.0161290322580467
seller_2,roi_driven,0.4922222222222222,0.01,0.30000000000000004,0.0
seller_3,conservative,0.4922222222222222,0.763063061355155,26.900000000000112,7.4349442379181845
seller_1,aggressive,0.09251157407407408,5.0,50.50000000000045,1.9801980198019626
seller_2,roi_driven,0.09251157407407408,0.01,0.30000000000000004,0.0
seller_3,conservative,0.09251157407407408,0.7001901674897908,27.000000000000114,7.407407407407376
seller_1,aggressive,0.6712152777777778,5.0,51.30000000000046,1.9493177387914056
seller_2,roi_driven,0.6712152777777778,0.01,0.30000000000000004,0.0
seller_3,conservative,0.6712152777777778,0.6453322085567401,27.000000000000114,7.407407407407376
seller_1,aggressive,0.1852777777777778,5.0,52.70000000000048,1.8975332068311024
seller_2,roi_driven,0.1852777777777778,0.01,0.30000000000000004,0.0
seller_3,conservative,0.1852777777777778,0.5876156382960944,27.200000000000117,7.352941176470557
seller_1,aggressive,0.9701273148148148,5.0,53.200000000000486,1.8796992481202837
seller_2,roi_driven,0.9701273148148148,0.01,0.30000000000000004,0.0
seller_3,conservative,0.9701273148148148,0.5268805932951066,27.300000000000118,7.326007326007295
seller_1,aggressive,0.4153125,5.0,54.1000000000005,1.8484288354898166
seller_2,roi_driven,0.4153125,0.01,0.30000000000000004,0.0
seller_3,conservative,0.4153125,0.4672525380599489,27.300000000000118,7.326007326007295
seller_1,aggressive,0.551863425925926,5.0,55.300000000000516,1.8083182640144497
seller_2,roi_driven,0.551863425925926,0.01,0.30000000000000004,0.0
seller_3,conservative,0.551863425925926,0.4245274674715598,27.40000000000012,7.299270072992669
seller_1,aggressive,0.9939467592592592,5.0,56.20000000000053,1.7793594306049654
seller_2,roi_driven,0.9939467592592592,0.01,0.30000000000000004,0.0
seller_3,conservative,0.9939467592592592,0.3731829119485273,27.50000000000012,7.2727272727272405
seller_1,aggressive,0.3106365740740741,5.0,56.90000000000054,1.7574692442882083
seller_2,roi_driven,0.3106365740740741,0.01,0.30000000000000004,0.0
seller_3,conservative,0.3106365740740741,0.3255308334381322,27.50000000000012,7.2727272727272405
seller_1,aggressive,0.9645601851851852,5.0,58.000000000000554,1.7241379310344662
seller_2,roi_driven,0.9645601851851852,0.01,0.30000000000000004,0.0
seller_3,conservative,0.9645601851851852,0.2918844691660649,27.50000000000012,7.2727272727272405
seller_1,aggressive,0.6781134259259259,5.0,59.400000000000574,1.6835016835016672
seller_2,roi_driven,0.6781134259259259,0.01,0.30000000000000004,0.0
seller_3,conservative,0.6781134259259259,0.2563002339021905,27.50000000000012,7.2727272727272405
seller_1,aggressive,0.3975578703703704,5.0,59.80000000000058,1.672240802675569
seller_2,roi_driven,0.3975578703703704,0.01,0.30000000000000004,0.0
seller_3,conservative,0.3975578703703704,0.22530195322901198,27.50000000000012,7.2727272727272405
seller_1,aggressive,0.6071527777777778,5.0,60.800000000000594,1.644736842105247
seller_2,roi_driven,0.6071527777777778,0.01,0.30000000000000004,0.0
seller_3,conservative,0.6071527777777778,0.19870771451466665,27.50000000000012,7.2727272727272405
seller_1,aggressive,0.4682986111111111,5.0,61.70000000000061,1.620745542949741
seller_2,roi_driven,0.4682986111111111,0.01,0.30000000000000004,0.0
seller_3,conservative,0.4682986111111111,0.18053809436804027,27.50000000000012,7.2727272727272405
seller_1,aggressive,0.854224537037037,5.0,63.000000000000625,1.5873015873015714
seller_2,roi_driven,0.854224537037037,0.01,0.30000000000000004,0.0
seller_3,conservative,0.854224537037037,0.16152205565426506,27.50000000000012,7.2727272727272405
seller_1,aggressive,0.7267592592592592,5.0,63.700000000000635,2.3547880690737597
seller_2,roi_driven,0.7267592592592592,0.01,0.30000000000000004,0.0
seller_3,conservative,0.7267592592592592,0.1500184727876467,27.50000000000012,7.2727272727272405
seller_1,aggressive,0.5755439814814814,5.0,64.40000000000062,2.329192546583829
seller_2,roi_driven,0.5755439814814814,0.01,0.30000000000000004,0.0
seller_3,conservative,0.5755439814814814,0.1373549892089853,27.50000000000012,7.2727272727272405
seller_1,aggressive,0.991087962962963,5.0,65.60000000000055,2.2865853658536395
seller_2,roi_driven,0.991087962962963,0.01,0.30000000000000004,0.0
seller_3,conservative,0.991087962962963,0.1243840655366263,27.50000000000012,7.2727272727272405
seller_1,aggressive,0.2846180555555556,5.0,66.70000000000049,2.248875562218874
seller_2,roi_driven,0.2846180555555556,0.01,0.30000000000000004,0.0
seller_3,conservative,0.2846180555555556,0.11251414320490362,27.50000000000012,7.2727272727272405
seller_1,aggressive,0.6855555555555556,5.0,67.90000000000042,2.209131075110443
seller_2,roi_driven,0.6855555555555556,0.01,0.30000000000000004,0.0
seller_3,conservative,0.6855555555555556,0.10099593952826322,27.50000000000012,7.2727272727272405
seller_1,aggressive,0.05862268518518519,5.0,68.90000000000036,2.1770682148040525
seller_2,roi_driven,0.05862268518518519,0.01,0.30000000000000004,0.0
seller_3,conservative,0.05862268518518519,0.09206442744230134,27.50000000000012,7.2727272727272405
seller_1,aggressive,0.2641435185185185,5.0,70.20000000000029,2.8490028490028374
seller_2,roi_driven,0.2641435185185185,0.01,0.30000000000000004,0.0
seller_3,conservative,0.2641435185185185,0.08254879038418611,27.50000000000012,7.2727272727272405
seller_1,aggressive,0.8733449074074074,5.0,71.40000000000022,4.201680672268894
seller_2,roi_driven,0.8733449074074074,0.01,0.30000000000000004,0.0
seller_3,conservative,0.8733449074074074,0.0755806135187395,27.50000000000012,7.2727272727272405
seller_1,aggressive,0.812662037037037,5.0,72.10000000000018,4.160887656033276
seller_2,roi_driven,0.812662037037037,0.01,0.30000000000000004,0.0
seller_3,conservative,0.812662037037037,0.06784333822412256,27.50000000000012,7.2727272727272405
seller_1,aggressive,0.0034837962962962965,5.0,72.90000000000013,4.1152263374485525
seller_2,roi_driven,0.0034837962962962965,0.01,0.30000000000000004,0.0
seller_3,conservative,0.0034837962962962965,0.061775634264193635,27.50000000000012,7.2727272727272405
seller_1,aggressive,0.9843171296296296,5.0,73.90000000000008,4.059539918809198
seller_2,roi_driven,0.9843171296296296,0.01,0.30000000000000004,0.0
seller_3,conservative,0.9843171296296296,0.055390600098187005,27.50000000000012,7.2727272727272405
seller_1,aggressive,0.8384027777777778,5.0,74.70000000000003,4.016064257028111
seller_2,roi_driven,0.8384027777777778,0.01,0.30000000000000004,0.0
seller_3,conservative,0.8384027777777778,0.04933865352106709,27.50000000000012,7.2727272727272405
seller_1,aggressive,0.32716435185185183,5.0,75.79999999999997,3.9577836411609515
seller_2,roi_driven,0.32716435185185183,0.01,0.30000000000000004,0.0
seller_3,conservative,0.32716435185185183,0.04502494336284111,27.50000000000012,7.2727272727272405
seller_1,aggressive,0.6951388888888889,5.0,76.69999999999992,3.911342894393746
seller_2,roi_driven,0.6951388888888889,0.01,0.30000000000000004,0.0
seller_3,conservative,0.6951388888888889,0.04154305663726344,27.50000000000012,7.2727272727272405
seller_1,aggressive,0.47811342592592593,5.0,77.79999999999986,3.8560411311054055
seller_2,roi_driven,0.47811342592592593,0.01,0.30000000000000004,0.0
seller_3,conservative,0.47811342592592593,0.03803628973210989,27.50000000000012,7.2727272727272405
seller_1,aggressive,0.08413194444444444,5.0,79.09999999999978,4.424778761061959
seller_2,roi_driven,0.08413194444444444,0.01,0.30000000000000004,0.0
seller_3,conservative,0.08413194444444444,0.034748972545116295,27.50000000000012,7.2727272727272405
seller_1,aggressive,0.784212962962963,5.0,80.19999999999972,4.364089775561113
seller_2,roi_driven,0.784212962962963,0.01,0.30000000000000004,0.0
seller_3,conservative,0.784212962962963,0.0312604080214432,27.50000000000012,7.2727272727272405
seller_1,aggressive,0.7262268518518519,5.0,81.19999999999966,5.541871921182289
seller_2,roi_driven,0.7262268518518519,0.01,0.30000000000000004,0.0
seller_3,conservative,0.7262268518518519,0.028029380519457504,27.50000000000012,7.2727272727272405
seller_1,aggressive,0.7969212962962963,5.0,82.09999999999961,5.4811205846528885
seller_2,roi_driven,0.7969212962962963,0.01,0.30000000000000004,0.0
seller_3,conservative,0.7969212962962963,0.025215418110245,27.50000000000012,7.2727272727272405
seller_1,aggressive,0.48454861111111114,5.0,82.89999999999957,5.42822677925214
seller_2,roi_driven,0.48454861111111114,0.01,0.30000000000000004,0.0
seller_3,conservative,0.48454861111111114,0.022584323807229845,27.50000000000012,7.2727272727272405
seller_1,aggressive,0.1545138888888889,5.0,83.89999999999951,5.363528009535193
seller_2,roi_driven,0.1545138888888889,0.01,0.30000000000000004,0.0
seller_3,conservative,0.1545138888888889,0.02074629783126358,27.50000000000012,7.2727272727272405
seller_1,aggressive,0.3222453703703704,5.0,84.49999999999947,5.325443786982282
seller_2,roi_driven,0.3222453703703704,0.01,0.30000000000000004,0.0
seller_3,conservative,0.3222453703703704,0.018581532377292487,27.50000000000012,7.2727272727272405
seller_1,aggressive,0.7111458333333334,5.0,84.89999999999945,5.3003533568904935
seller_2,roi_driven,0.7111458333333334,0.01,0.30000000000000004,0.0
seller_3,conservative,0.7111458333333334,0.01631621959252528,27.50000000000012,7.2727272727272405
seller_1,aggressive,0.6921875,5.0,85.99999999999939,5.2325581395349205
seller_2,roi_driven,0.6921875,0.01,0.30000000000000004,0.0
seller_3,conservative,0.6921875,0.014742935727244789,27.50000000000012,7.2727272727272405
seller_1,aggressive,0.054016203703703705,5.0,87.39999999999931,5.1487414187643425
seller_2,roi_driven,0.054016203703703705,0.01,0.30000000000000004,0.0
seller_3,conservative,0.054016203703703705,0.013175557851510419,27.50000000000012,7.2727272727272405
seller_1,aggressive,0.25885416666666666,5.0,88.29999999999926,5.096262740656894
seller_2,roi_driven,0.25885416666666666,0.01,0.30000000000000004,0.0
seller_3,conservative,0.25885416666666666,0.012076654741329209,27.50000000000012,7.2727272727272405
seller_1,aggressive,0.6936921296296297,5.0,89.3999999999992,5.033557046979911
seller_2,roi_driven,0.6936921296296297,0.01,0.30000000000000004,0.0
seller_3,conservative,0.6936921296296297,0.010709917296193229,27.50000000000012,7.2727272727272405
seller_1,aggressive,0.004722222222222222,5.0,90.79999999999912,4.955947136563925
seller_2,roi_driven,0.004722222222222222,0.01,0.30000000000000004,0.0
seller_3,conservative,0.004722222222222222,0.01,27.50000000000012,7.2727272727272405
seller_1,aggressive,0.7459837962962963,5.0,92.29999999999903,4.875406283857039
seller_2,roi_driven,0.7459837962962963,0.01,0.30000000000000004,0.0
seller_3,conservative,0.7459837962962963,0.010010004501200206,27.50000000000012,7.2727272727272405
seller_1,aggressive,0.00949074074074074,5.0,92.899999999999,4.843918191603928
seller_2,roi_driven,0.00949074074074074,0.01,0.30000000000000004,0.0
seller_3,conservative,0.00949074074074074,0.01000499549404681,27.50000000000012,7.2727272727272405
seller_1,aggressive,0.9279050925925926,5.0,93.99999999999893,4.787234042553246
seller_2,roi_driven,0.9279050925925926,0.01,0.30000000000000004,0.0
seller_3,conservative,0.9279050925925926,0.010007991785152747,27.50000000000012,7.2727272727272405
seller_1,aggressive,0.6896296296296296,5.0,94.79999999999889,4.74683544303803
seller_2,roi_driven,0.6896296296296296,0.01,0.30000000000000004,0.0
seller_3,conservative,0.6896296296296296,0.010008002800560066,27.50000000000012,7.2727272727272405
seller_1,aggressive,0.09569444444444444,5.0,95.79999999999883,4.6972860125261535
seller_2,roi_driven,0.09569444444444444,0.01,0.30000000000000004,0.0
seller_3,conservative,0.09569444444444444,0.010005995993596214,27.50000000000012,7.2727272727272405
seller_1,aggressive,0.5567361111111111,5.0,97.29999999999875,4.624871531346411
seller_2,roi_driven,0.5567361111111111,0.01,0.30000000000000004,0.0
seller_3,conservative,0.5567361111111111,0.010005001000100003,27.50000000000012,7.2727272727272405
seller_1,aggressive,0.7237962962962963,5.0,98.59999999999867,5.070993914807371
seller_2,roi_driven,0.7237962962962963,0.01,0.30000000000000004,0.0
seller_3,conservative,0.7237962962962963,0.0100020001,27.50000000000012,7.2727272727272405
seller_1,aggressive,0.605462962962963,5.0,99.7999999999986,5.010020040080231
seller_2,roi_driven,0.605462962962963,0.01,0.30000000000000004,0.0
seller_3,conservative,0.605462962962963,0.01000400060004,27.50000000000012,7.2727272727272405
seller_1,aggressive,0.09561342592592592,5.0,100.99999999999854,4.950495049505022
seller_2,roi_driven,0.09561342592592592,0.01,0.30000000000000004,0.0
seller_3,conservative,0.09561342592592592,0.01,27.50000000000012,7.2727272727272405
seller_1,aggressive,0.2665740740740741,5.0,102.19999999999847,4.892367906066609
seller_2,roi_driven,0.2665740740740741,0.01,0.30000000000000004,0.0
seller_3,conservative,0.2665740740740741,0.01000400060004,27.50000000000012,7.2727272727272405
seller_1,aggressive,0.485474537037037,5.0,103.3999999999984,5.319148936170295
seller_2,roi_driven,0.485474537037037,0.01,0.30000000000000004,0.0
seller_3,conservative,0.485474537037037,0.01000300030001,27.50000000000012,7.2727272727272405
seller_1,aggressive,0.2746296296296296,5.0,104.39999999999834,5.268199233716559
seller_2,roi_driven,0.2746296296296296,0.01,0.30000000000000004,0.0
seller_3,conservative,0.2746296296296296,0.010026032526014951,27.50000000000012,7.2727272727272405
seller_1,aggressive,0.812349537037037,5.0,105.0999999999983,5.2331113225500365
seller_2,roi_driven,0.812349537037037,0.01,0.30000000000000004,0.0
seller_3,conservative,0.812349537037037,0.010008002800560066,27.50000000000012,7.2727272727272405
seller_1,aggressive,0.9867708333333334,5.0,106.09999999999825,5.1837888784166735
seller_2,roi_driven,0.9867708333333334,0.01,0.30000000000000004,0.0
seller_3,conservative,0.9867708333333334,0.010001,27.50000000000012,7.2727272727272405
seller_1,aggressive,0.08837962962962963,5.0,107.29999999999818,5.591798695247066
seller_2,roi_driven,0.08837962962962963,0.01,0.30000000000000004,0.0
seller_3,conservative,0.08837962962962963,0.01,27.50000000000012,7.2727272727272405
seller_1,aggressive,0.056979166666666664,5.0,108.49999999999811,5.529953917050787
seller_2,roi_driven,0.056979166666666664,0.01,0.30000000000000004,0.0
seller_3,conservative,0.056979166666666664,0.01,27.50000000000012,7.2727272727272405
seller_1,aggressive,0.6545486111111111,5.0,109.29999999999806,5.946935041171194
seller_2,roi_driven,0.6545486111111111,0.01,0.30000000000000004,0.0
seller_3,conservative,0.6545486111111111,0.01000400060004,27.50000000000012,7.2727272727272405
seller_1,aggressive,0.8619907407407408,5.0,110.399999999998,5.887681159420397
seller_2,roi_driven,0.8619907407407408,0.01,0.30000000000000004,0.0
seller_3,conservative,0.8619907407407408,0.010010004501200206,27.50000000000012,7.2727272727272405
seller_1,aggressive,0.8926736111111111,5.0,111.29999999999795,5.840071877807834
seller_2,roi_driven,0.8926736111111111,0.01,0.30000000000000004,0.0
seller_3,conservative,0.8926736111111111,0.010001,27.50000000000012,7.2727272727272405
seller_1,aggressive,0.7151157407407407,5.0,112.1999999999979,5.793226381461784
seller_2,roi_driven,0.7151157407407407,0.01,0.30000000000000004,0.0
seller_3,conservative,0.7151157407407407,0.010030043540627412,27.50000000000012,7.2727272727272405
seller_1,aggressive,0.7986805555555555,5.0,113.09999999999785,5.747126436781718
seller_2,roi_driven,0.7986805555555555,0.01,0.30000000000000004,0.0
seller_3,conservative,0.7986805555555555,0.010005995993596214,27.50000000000012,7.2727272727272405
seller_1,aggressive,0.9895833333333334,5.0,114.09999999999779,5.696757230499672
seller_2,roi_driven,0.9895833333333334,0.01,0.30000000000000004,0.0
seller_3,conservative,0.9895833333333334,0.01000400060004,27.50000000000012,7.2727272727272405
seller_1,aggressive,0.6290509259259259,5.0,114.99999999999774,5.6521739130435895
seller_2,roi_driven,0.6290509259259259,0.01,0.30000000000000004,0.0
seller_3,conservative,0.6290509259259259,0.0100020001,27.50000000000012,7.2727272727272405
seller_1,aggressive,0.9887037037037038,5.0,116.09999999999768,5.598621877691757
seller_2,roi_driven,0.9887037037037038,0.01,0.30000000000000004,0.0
seller_3,conservative,0.9887037037037038,0.010001,27.50000000000012,7.2727272727272405
seller_1,aggressive,0.27136574074074077,5.0,117.19999999999762,5.546075085324345
seller_2,roi_driven,0.27136574074074077,0.01,0.30000000000000004,0.0
seller_3,conservative,0.27136574074074077,0.01000400060004,27.50000000000012,7.2727272727272405
seller_1,aggressive,0.5498958333333334,5.0,118.39999999999755,5.489864864864979
seller_2,roi_driven,0.5498958333333334,0.01,0.30000000000000004,0.0
seller_3,conservative,0.5498958333333334,0.01000300030001,27.50000000000012,7.2727272727272405
seller_1,aggressive,0.3870138888888889,5.0,119.1999999999975,5.872483221476633
seller_2,roi_driven,0.3870138888888889,0.01,0.30000000000000004,0.0
seller_3,conservative,0.3870138888888889,0.010007997292854892,27.50000000000012,7.2727272727272405
seller_1,aggressive,0.07236111111111111,5.0,120.19999999999744,6.239600665557537
seller_2,roi_driven,0.07236111111111111,0.01,0.30000000000000004,0.0
seller_3,conservative,0.07236111111111111,0.010002994795057849,27.50000000000012,7.2727272727272405
seller_1,aggressive,0.4099189814814815,5.0,121.69999999999736,6.573541495480833
seller_2,roi_driven,0.4099189814814815,0.01,0.30000000000000004,0.0
seller_3,conservative,0.4099189814814815,0.010005001000100003,27.50000000000012,7.2727272727272405
seller_1,aggressive,0.15336805555555555,5.0,122.49999999999731,6.530612244898102
seller_2,roi_driven,0.15336805555555555,0.01,0.30000000000000004,0.0
seller_3,conservative,0.15336805555555555,0.01,27.50000000000012,7.2727272727272405
seller_1,aggressive,0.1378125,5.0,124.19999999999722,6.441223832528324
seller_2,roi_driven,0.1378125,0.01,0.30000000000000004,0.0
seller_3,conservative,0.1378125,0.01,27.50000000000012,7.2727272727272405
seller_1,aggressive,0.1915162037037037,5.0,125.49999999999714,6.374501992032018
seller_2,roi_driven,0.1915162037037037,0.01,0.30000000000000004,0.0
seller_3,conservative,0.1915162037037037,0.0100020001,27.50000000000012,7.2727272727272405
seller_1,aggressive,0.11583333333333333,5.0,126.39999999999709,6.3291139240507786
seller_2,roi_driven,0.11583333333333333,0.01,0.30000000000000004,0.0
seller_3,conservative,0.11583333333333333,0.010005995993596214,27.50000000000012,7.2727272727272405
seller_1,aggressive,0.8426388888888889,5.0,127.39999999999704,6.671899529042541
seller_2,roi_driven,0.8426388888888889,0.01,0.30000000000000004,0.0
seller_3,conservative,0.8426388888888889,0.010007002100350031,27.50000000000012,7.2727272727272405
seller_1,aggressive,0.8998726851851852,5.0,128.69999999999698,6.993006993007158
seller_2,roi_driven,0.8998726851851852,0.01,0.30000000000000004,0.0
seller_3,conservative,0.8998726851851852,0.010001,27.50000000000012,7.2727272727272405
seller_1,aggressive,0.9131365740740741,5.0,129.49999999999693,6.949806949807114
seller_2,roi_driven,0.9131365740740741,0.01,0.30000000000000004,0.0
seller_3,conservative,0.9131365740740741,0.010002978280219586,27.50000000000012,7.2727272727272405
seller_1,aggressive,0.6273263888888889,5.0,130.1999999999969,6.912442396313529
seller_2,roi_driven,0.6273263888888889,0.01,0.30000000000000004,0.0
seller_3,conservative,0.6273263888888889,0.010001,27.50000000000012,7.2727272727272405
seller_1,aggressive,0.612175925925926,5.0,131.29999999999683,7.23533891850741
seller_2,roi_driven,0.612175925925926,0.01,0.30000000000000004,0.0
seller_3,conservative,0.612175925925926,0.0100020001,27.50000000000012,7.2727272727272405
seller_1,aggressive,0.6888310185185185,5.0,131.9999999999968,7.196969696969872
seller_2,roi_driven,0.6888310185185185,0.01,0.30000000000000004,0.0
seller_3,conservative,0.6888310185185185,0.0100020001,27.50000000000012,7.2727272727272405
seller_1,aggressive,0.15648148148148147,5.0,132.99999999999673,7.142857142857318
seller_2,roi_driven,0.15648148148148147,0.01,0.30000000000000004,0.0
seller_3,conservative,0.15648148148148147,0.01,27.50000000000012,7.2727272727272405
seller_1,aggressive,0.7935532407407407,5.0,133.89999999999668,7.094846900672319
seller_2,roi_driven,0.7935532407407407,0.01,0.30000000000000004,0.0
seller_3,conservative,0.7935532407407407,0.010009003600840121,27.50000000000012,7.2727272727272405
seller_1,aggressive,0.17048611111111112,5.0,134.59999999999664,7.057949479940741
seller_2,roi_driven,0.17048611111111112,0.01,0.30000000000000004,0.0
seller_3,conservative,0.17048611111111112,0.010011995582386352,27.50000000000012,7.2727272727272405
seller_1,aggressive,0.6129513888888889,5.0,135.89999999999657,7.358351729212842
seller_2,roi_driven,0.6129513888888889,0.01,0.30000000000000004,0.0
seller_3,conservative,0.6129513888888889,0.01000400060004,27.50000000000012,7.2727272727272405
seller_1,aggressive,0.5516550925925926,5.0,136.49999999999653,7.326007326007512
seller_2,roi_driven,0.5516550925925926,0.01,0.30000000000000004,0.0
seller_3,conservative,0.5516550925925926,0.010007002100350031,27.50000000000012,7.2727272727272405
seller_1,aggressive,0.2064699074074074,5.0,137.39999999999648,7.278020378457246
seller_2,roi_driven,0.2064699074074074,0.01,0.30000000000000004,0.0
seller_3,conservative,0.2064699074074074,0.010012985761040597,27.50000000000012,7.2727272727272405
seller_1,aggressive,0.6745023148148148,5.0,137.69999999999646,7.262164124909409
seller_2,roi_driven,0.6745023148148148,0.01,0.30000000000000004,0.0
seller_3,conservative,0.6745023148148148,0.0100020001,27.50000000000012,7.2727272727272405
seller_1,aggressive,0.033819444444444444,5.0,138.29999999999643,7.230657989877265
seller_2,roi_driven,0.033819444444444444,0.01,0.30000000000000004,0.0
seller_3,conservative,0.033819444444444444,0.01,27.50000000000012,7.2727272727272405
seller_1,aggressive,0.3541782407407407,5.0,139.29999999999637,7.178750897344049
seller_2,roi_driven,0.3541782407407407,0.01,0.30000000000000004,0.0
seller_3,conservative,0.3541782407407407,0.010001,27.50000000000012,7.2727272727272405
seller_1,aggressive,0.8920370370370371,5.0,139.89999999999634,7.147962830593468
seller_2,roi_driven,0.8920370370370371,0.01,0.30000000000000004,0.0
seller_3,conservative,0.8920370370370371,0.010001,27.50000000000012,7.2727272727272405
seller_1,aggressive,0.2773263888888889,5.0,141.39999999999625,7.0721357850072595
seller_2,roi_driven,0.2773263888888889,0.01,0.30000000000000004,0.0
seller_3,conservative,0.2773263888888889,0.01000300030001,27.50000000000012,7.2727272727272405
seller_1,aggressive,0.3551388888888889,5.0,142.69999999999618,7.007708479327448
seller_2,roi_driven,0.3551388888888889,0.01,0.30000000000000004,0.0
seller_3,conservative,0.3551388888888889,0.010001,27.50000000000012,7.2727272727272405
seller_1,aggressive,0.5914814814814815,5.0,142.79999999999617,7.002801120448367
seller_2,roi_driven,0.5914814814814815,0.01,0.30000000000000004,0.0
seller_3,conservative,0.5914814814814815,0.010002994795057849,27.50000000000012,7.2727272727272405
seller_1,aggressive,0.4126736111111111,5.0,143.8999999999961,6.949270326615893
seller_2,roi_driven,0.4126736111111111,0.01,0.30000000000000004,0.0
seller_3,conservative,0.4126736111111111,0.010014009103640996,27.50000000000012,7.2727272727272405
seller_1,aggressive,0.5864699074074075,5.0,144.2999999999961,6.930006930007118
seller_2,roi_driven,0.5864699074074075,0.01,0.30000000000000004,0.0
seller_3,conservative,0.5864699074074075,0.01000300030001,27.50000000000012,7.2727272727272405
seller_1,aggressive,0.41791666666666666,5.0,145.09999999999604,6.891798759476411
seller_2,roi_driven,0.41791666666666666,0.01,0.30000000000000004,0.0
seller_3,conservative,0.41791666666666666,0.01001200660220049,27.50000000000012,7.2727272727272405
seller_1,aggressive,0.7602430555555556,5.0,145.49999999999602,6.872852233677164
seller_2,roi_driven,0.7602430555555556,0.01,0.30000000000000004,0.0
seller_3,conservative,0.7602430555555556,0.010007002100350031,27.50000000000012,7.2727272727272405
seller_1,aggressive,0.9504398148148148,5.0,145.999999999996,6.849315068493339
seller_2,roi_driven,0.9504398148148148,0.01,0.30000000000000004,0.0
seller_3,conservative,0.9504398148148148,0.010007997292854892,27.50000000000012,7.2727272727272405
seller_1,aggressive,0.899375,5.0,147.29999999999592,7.128309572301623
seller_2,roi_driven,0.899375,0.01,0.30000000000000004,0.0
seller_3,conservative,0.899375,0.010001,27.50000000000012,7.2727272727272405
seller_1,aggressive,0.5656944444444445,5.0,148.69999999999584,7.06119704102239
seller_2,roi_driven,0.5656944444444445,0.01,0.30000000000000004,0.0
seller_3,conservative,0.5656944444444445,0.01000300030001,27.50000000000012,7.2727272727272405
seller_1,aggressive,0.19686342592592593,5.0,149.5999999999958,7.018716577540305
seller_2,roi_driven,0.19686342592592593,0.01,0.30000000000000004,0.0
seller_3,conservative,0.19686342592592593,0.010008992584331265,27.50000000000012,7.2727272727272405
seller_1,aggressive,0.18025462962962963,5.0,150.09999999999576,6.99533644237195
seller_2,roi_driven,0.18025462962962963,0.01009038352191517,0.6,83.33333333333334
seller_3,conservative,0.18025462962962963,0.01,27.700000000000124,7.2202166064981625
seller_1,aggressive,0.5350578703703703,5.0,150.09999999999576,6.99533644237195
seller_2,roi_driven,0.5350578703703703,0.016634151236154898,1.5000000000000002,33.33333333333333
seller_3,conservative,0.5350578703703703,0.01001200660220049,28.500000000000135,7.0175438596490896
seller_1,aggressive,0.9901157407407407,5.0,150.09999999999576,6.99533644237195
seller_2,roi_driven,0.9901157407407407,0.027421652184609555,2.600000000000001,19.230769230769223
seller_3,conservative,0.9901157407407407,0.010005995993596214,28.600000000000136,6.99300699300696
seller_1,aggressive,0.4072222222222222,5.0,150.09999999999576,6.99533644237195
seller_2,roi_driven,0.4072222222222222,0.04520501213787927,3.1000000000000014,32.25806451612902
seller_3,conservative,0.4072222222222222,0.010009003600840121,28.700000000000138,6.968641114982545
seller_1,aggressive,0.41324074074074074,5.0,150.09999999999576,6.99533644237195
seller_2,roi_driven,0.41324074074074074,0.07452115243197202,3.700000000000002,27.027027027027014
seller_3,conservative,0.41324074074074074,0.010010004501200206,28.80000000000014,6.944444444444411
seller_1,aggressive,0.3965162037037037,5.0,150.09999999999576,6.99533644237195
seller_2,roi_driven,0.3965162037037037,0.12284925713217058,5.099999999999998,29.411764705882366
seller_3,conservative,0.3965162037037037,0.010008002800560066,28.90000000000014,6.920415224913461
seller_1,aggressive,0.7184722222222222,5.0,150.09999999999576,6.99533644237195
seller_2,roi_driven,0.7184722222222222,0.20251887531802662,6.199999999999994,24.193548387096797
seller_3,conservative,0.7184722222222222,0.01000300030001,28.90000000000014,6.920415224913461
seller_1,aggressive,0.00920138888888889,5.0,150.09999999999576,6.99533644237195
seller_2,roi_driven,0.00920138888888889,0.33385545682179085,6.799999999999992,22.058823529411793
seller_3,conservative,0.00920138888888889,0.01,28.90000000000014,6.920415224913461
seller_1,aggressive,0.05701388888888889,5.0,150.09999999999576,6.99533644237195
seller_2,roi_driven,0.05701388888888889,0.5503658159006429,7.799999999999988,19.23076923076926
seller_3,conservative,0.05701388888888889,0.01,28.90000000000014,6.920415224913461
seller_1,aggressive,0.47587962962962965,5.0,150.09999999999576,6.99533644237195
seller_2,roi_driven,0.47587962962962965,0.9072864472413484,8.499999999999986,17.64705882352944
seller_3,conservative,0.47587962962962965,0.010009987974788992,28.90000000000014,6.920415224913461
seller_1,aggressive,0.5460300925925926,5.0,150.09999999999576,6.99533644237195
seller_2,roi_driven,0.5460300925925926,1.4956755553590428,8.999999999999984,16.666666666666696
seller_3,conservative,0.5460300925925926,0.010010004501200206,28.90000000000014,6.920415224913461
seller_1,aggressive,0.028657407407407406,5.0,150.09999999999576,6.99533644237195
seller_2,roi_driven,0.028657407407407406,2.4656439801348755,9.799999999999981,15.306122448979622
seller_3,conservative,0.028657407407407406,0.01,28.90000000000014,6.920415224913461
seller_1,aggressive,0.7229398148148148,5.0,150.09999999999576,6.99533644237195
seller_2,roi_driven,0.7229398148148148,4.064651732117104,11.099999999999977,13.513513513513542
seller_3,conservative,0.7229398148148148,0.0100020001,28.90000000000014,6.920415224913461
seller_1,aggressive,0.32652777777777775,5.0,150.09999999999576,6.99533644237195
seller_2,roi_driven,0.32652777777777775,5.0,11.499999999999975,13.043478260869593
seller_3,conservative,0.32652777777777775,0.010005001000100003,28.90000000000014,6.920415224913461
seller_1,aggressive,0.7457523148148149,5.0,150.09999999999576,6.99533644237195
seller_2,roi_driven,0.7457523148148149,5.0,12.69999999999997,11.811023622047271
seller_3,conservative,0.7457523148148149,0.010005001000100003,28.90000000000014,6.920415224913461
seller_1,aggressive,0.9747337962962963,5.0,150.09999999999576,6.99533644237195
seller_2,roi_driven,0.9747337962962963,5.0,14.199999999999966,14.084507042253556
seller_3,conservative,0.9747337962962963,0.010001,28.90000000000014,6.920415224913461
seller_1,aggressive,0.07034722222222223,5.0,150.09999999999576,6.99533644237195
seller_2,roi_driven,0.07034722222222223,5.0,15.299999999999962,16.339869281045793
seller_3,conservative,0.07034722222222223,0.01,28.90000000000014,6.920415224913461
seller_1,aggressive,0.685150462962963,5.0,150.09999999999576,6.99533644237195
seller_2,roi_driven,0.685150462962963,5.0,16.19999999999996,15.432098765432137
seller_3,conservative,0.685150462962963,0.01000400060004,28.90000000000014,6.920415224913461
seller_1,aggressive,0.47608796296296296,5.0,150.09999999999576,6.99533644237195
seller_2,roi_driven,0.47608796296296296,5.0,17.099999999999973,14.619883040935695
seller_3,conservative,0.47608796296296296,0.010005001000100003,28.90000000000014,6.920415224913461
seller_1,aggressive,0.3384375,5.0,150.09999999999576,6.99533644237195
seller_2,roi_driven,0.3384375,5.0,18.099999999999987,13.812154696132607
seller_3,conservative,0.3384375,0.01001200660220049,28.90000000000014,6.920415224913461
seller_1,aggressive,0.27260416666666665,5.0,150.09999999999576,6.99533644237195
seller_2,roi_driven,0.27260416666666665,5.0,19.400000000000006,12.886597938144327
seller_3,conservative,0.27260416666666665,0.01000400060004,28.90000000000014,6.920415224913461
seller_1,aggressive,0.8868402777777777,5.0,150.09999999999576,6.99533644237195
seller_2,roi_driven,0.8868402777777777,5.0,21.10000000000003,11.84834123222747
seller_3,conservative,0.8868402777777777,0.010008002800560066,28.90000000000014,6.920415224913461
seller_1,aggressive,0.09966435185185185,5.0,150.09999999999576,6.99533644237195
seller_2,roi_driven,0.09966435185185185,5.0,21.70000000000004,11.52073732718892
seller_3,conservative,0.09966435185185185,0.01,28.90000000000014,6.920415224913461
seller_1,aggressive,0.5399652777777778,5.0,150.09999999999576,6.99533644237195
seller_2,roi_driven,0.5399652777777778,5.0,22.900000000000055,10.917030567685563
seller_3,conservative,0.5399652777777778,0.010011005501650325,28.90000000000014,6.920415224913461
seller_1,aggressive,0.2680092592592593,5.0,150.09999999999576,6.99533644237195
seller_2,roi_driven,0.2680092592592593,5.0,24.00000000000007,10.416666666666636
seller_3,conservative,0.2680092592592593,0.010029040636563756,28.90000000000014,6.920415224913461
seller_1,aggressive,0.6217361111111112,5.0,150.09999999999576,6.99533644237195
seller_2,roi_driven,0.6217361111111112,5.0,24.900000000000084,10.040160642570248
seller_3,conservative,0.6217361111111112,0.01000300030001,28.90000000000014,6.920415224913461
seller_1,aggressive,0.5172106481481481,5.0,150.09999999999576,6.99533644237195
seller_2,roi_driven,0.5172106481481481,5.0,26.0000000000001,11.538461538461494
seller_3,conservative,0.5172106481481481,0.010011005501650325,28.90000000000014,6.920415224913461
seller_1,aggressive,0.7827199074074074,5.0,150.09999999999576,6.99533644237195
seller_2,roi_driven,0.7827199074074074,5.0,26.500000000000107,13.207547169811267
seller_3,conservative,0.7827199074074074,0.010001,28.90000000000014,6.920415224913461
seller_1,aggressive,0.10546296296296297,5.0,150.09999999999576,6.99533644237195
seller_2,roi_driven,0.10546296296296297,5.0,27.300000000000118,12.820512820512764
seller_3,conservative,0.10546296296296297,0.01,28.90000000000014,6.920415224913461
seller_1,aggressive,0.7729050925925925,5.0,150.09999999999576,6.99533644237195
seller_2,roi_driven,0.7729050925925925,5.0,27.900000000000126,12.544802867383456
seller_3,conservative,0.7729050925925925,0.010008002800560066,28.90000000000014,6.920415224913461
seller_1,aggressive,0.6667592592592593,5.0,150.09999999999576,6.99533644237195
seller_2,roi_driven,0.6667592592592593,5.0,28.500000000000135,12.280701754385907
seller_3,conservative,0.6667592592592593,0.010007002100350031,28.90000000000014,6.920415224913461
seller_1,aggressive,0.3299074074074074,5.0,150.09999999999576,6.99533644237195
seller_2,roi_driven,0.3299074074074074,5.0,29.700000000000152,11.784511784511723
seller_3,conservative,0.3299074074074074,0.010010004501200206,28.90000000000014,6.920415224913461
seller_1,aggressive,0.8570949074074075,5.0,150.09999999999576,6.99533644237195
seller_2,roi_driven,0.8570949074074075,5.0,30.500000000000163,11.475409836065513
seller_3,conservative,0.8570949074074075,0.010005001000100003,28.90000000000014,6.920415224913461
seller_1,aggressive,0.9571412037037037,5.0,150.09999999999576,6.99533644237195
seller_2,roi_driven,0.9571412037037037,5.0,31.500000000000178,11.111111111111049
seller_3,conservative,0.9571412037037037,0.01001200660220049,28.90000000000014,6.920415224913461
seller_1,aggressive,0.0096875,5.0,150.09999999999576,6.99533644237195
seller_2,roi_driven,0.0096875,5.0,32.50000000000019,10.769230769230706
seller_3,conservative,0.0096875,0.01,28.90000000000014,6.920415224913461
seller_1,aggressive,0.08810185185185185,5.0,150.09999999999576,6.99533644237195
seller_2,roi_driven,0.08810185185185185,5.0,33.70000000000021,10.385756676557799
seller_3,conservative,0.08810185185185185,0.01,28.90000000000014,6.920415224913461
seller_1,aggressive,0.27519675925925924,5.0,150.09999999999576,6.99533644237195
seller_2,roi_driven,0.27519675925925924,5.0,34.40000000000022,10.174418604651098
seller_3,conservative,0.27519675925925924,0.010001,28.90000000000014,6.920415224913461
seller_1,aggressive,0.867037037037037,5.0,150.09999999999576,6.99533644237195
seller_2,roi_driven,0.867037037037037,5.0,35.600000000000236,9.831460674157238
seller_3,conservative,0.867037037037037,0.010010004501200206,28.90000000000014,6.920415224913461
seller_1,aggressive,0.9813773148148148,5.0,150.09999999999576,6.99533644237195
seller_2,roi_driven,0.9813773148148148,5.0,36.80000000000025,9.510869565217327
seller_3,conservative,0.9813773148148148,0.010001,28.90000000000014,6.920415224913461
seller_1,aggressive,0.8978356481481482,5.0,150.09999999999576,6.99533644237195
seller_2,roi_driven,0.8978356481481482,5.0,37.600000000000264,9.308510638297808
seller_3,conservative,0.8978356481481482,0.010016006493488935,28.90000000000014,6.920415224913461
seller_1,aggressive,0.038483796296296294,5.0,150.09999999999576,6.99533644237195
seller_2,roi_driven,0.038483796296296294,5.0,38.80000000000028,9.020618556700965
seller_3,conservative,0.038483796296296294,0.01,28.90000000000014,6.920415224913461
seller_1,aggressive,0.04403935185185185,5.0,150.09999999999576,6.99533644237195
seller_2,roi_driven,0.04403935185185185,5.0,39.40000000000029,8.883248730964402
seller_3,conservative,0.04403935185185185,0.01,28.90000000000014,6.920415224913461
seller_1,aggressive,0.02982638888888889,5.0,150.09999999999576,6.99533644237195
seller_2,roi_driven,0.02982638888888889,5.0,40.1000000000003,8.72817955112213
seller_3,conservative,0.02982638888888889,0.01,28.90000000000014,6.920415224913461
seller_1,aggressive,0.8671875,5.0,150.09999999999576,6.99533644237195
seller_2,roi_driven,0.8671875,5.0,41.40000000000032,8.454106280193171
seller_3,conservative,0.8671875,0.010013998081622785,28.90000000000014,6.920415224913461
seller_1,aggressive,0.26028935185185187,5.0,150.09999999999576,6.99533644237195
seller_2,roi_driven,0.26028935185185187,5.0,42.20000000000033,8.293838862559177
seller_3,conservative,0.26028935185185187,0.01000400060004,28.90000000000014,6.920415224913461
seller_1,aggressive,0.7054861111111111,5.0,150.09999999999576,6.99533644237195
seller_2,roi_driven,0.7054861111111111,5.0,43.200000000000344,8.101851851851787
seller_3,conservative,0.7054861111111111,0.01000300030001,28.90000000000014,6.920415224913461
seller_1,aggressive,0.02326388888888889,5.0,150.09999999999576,6.99533644237195
seller_2,roi_driven,0.02326388888888889,5.0,43.900000000000354,9.11161731207282
seller_3,conservative,0.02326388888888889,0.01,28.90000000000014,6.920415224913461
seller_1,aggressive,0.9766203703703704,5.0,150.09999999999576,6.99533644237195
seller_2,roi_driven,0.9766203703703704,5.0,44.600000000000364,8.968609865470778
seller_3,conservative,0.9766203703703704,0.010014009103640996,28.90000000000014,6.920415224913461
seller_1,aggressive,0.4210763888888889,5.0,150.09999999999576,6.99533644237195
seller_2,roi_driven,0.4210763888888889,5.0,45.60000000000038,8.771929824561331
seller_3,conservative,0.4210763888888889,0.010001,28.90000000000014,6.920415224913461
seller_1,aggressive,0.22532407407407407,5.0,150.09999999999576,6.99533644237195
seller_2,roi_driven,0.22532407407407407,5.0,47.500000000000405,9.473684210526235
seller_3,conservative,0.22532407407407407,0.010008002800560066,28.90000000000014,6.920415224913461
seller_1,aggressive,0.6886111111111111,5.0,150.09999999999576,6.99533644237195
seller_2,roi_driven,0.6886111111111111,5.0,48.40000000000042,9.297520661156945
seller_3,conservative,0.6886111111111111,0.0100020001,28.90000000000014,6.920415224913461
seller_1,aggressive,0.2608912037037037,5.0,150.09999999999576,6.99533644237195
seller_2,roi_driven,0.2608912037037037,5.0,49.30000000000043,9.127789046653064
seller_3,conservative,0.2608912037037037,0.010009003600840121,28.90000000000014,6.920415224913461
seller_1,aggressive,0.7449537037037037,5.0,150.09999999999576,6.99533644237195
seller_2,roi_driven,0.7449537037037037,5.0,50.300000000000445,8.946322067594354
seller_3,conservative,0.7449537037037037,0.01001200660220049,28.90000000000014,6.920415224913461
seller_1,aggressive,0.6599652777777778,5.0,150.09999999999576,6.99533644237195
seller_2,roi_driven,0.6599652777777778,5.0,51.60000000000046,8.72093023255806
seller_3,conservative,0.6599652777777778,0.010008002800560066,28.90000000000014,6.920415224913461
seller_1,aggressive,0.17769675925925926,5.0,150.09999999999576,6.99533644237195
seller_2,roi_driven,0.17769675925925926,5.0,52.60000000000048,8.555133079847831
seller_3,conservative,0.17769675925925926,0.01,28.90000000000014,6.920415224913461
seller_1,aggressive,0.5870023148148148,5.0,150.09999999999576,6.99533644237195
seller_2,roi_driven,0.5870023148148148,5.0,54.3000000000005,8.287292817679482
seller_3,conservative,0.5870023148148148,0.010007002100350031,28.90000000000014,6.920415224913461
seller_1,aggressive,0.9822337962962963,5.0,150.09999999999576,6.99533644237195
seller_2,roi_driven,0.9822337962962963,5.0,55.300000000000516,8.137432188065024
seller_3,conservative,0.9822337962962963,0.010001,28.90000000000014,6.920415224913461
seller_1,aggressive,0.8850694444444445,5.0,150.09999999999576,6.99533644237195
seller_2,roi_driven,0.8850694444444445,5.0,56.10000000000053,8.021390374331476
seller_3,conservative,0.8850694444444445,0.010001,28.90000000000014,6.920415224913461
seller_1,aggressive,0.5339236111111111,5.0,150.09999999999576,6.99533644237195
seller_2,roi_driven,0.5339236111111111,5.0,56.80000000000054,8.802816901408367
seller_3,conservative,0.5339236111111111,0.0100020001,28.90000000000014,6.920415224913461
seller_1,aggressive,0.6193402777777778,5.0,150.09999999999576,6.99533644237195
seller_2,roi_driven,0.6193402777777778,5.0,57.50000000000055,8.695652173912961
seller_3,conservative,0.6193402777777778,0.0100020001,28.90000000000014,6.920415224913461
seller_1,aggressive,0.8125231481481482,5.0,150.09999999999576,6.99533644237195
seller_2,roi_driven,0.8125231481481482,5.0,58.20000000000056,8.591065292096138
seller_3,conservative,0.8125231481481482,0.010001,28.90000000000014,6.920415224913461
seller_1,aggressive,0.846724537037037,5.0,150.09999999999576,6.99533644237195
seller_2,roi_driven,0.846724537037037,5.0,59.10000000000057,8.460236886632744
seller_3,conservative,0.846724537037037,0.010005001000100003,28.90000000000014,6.920415224913461
seller_1,aggressive,0.5670833333333334,5.0,150.09999999999576,6.99533644237195
seller_2,roi_driven,0.5670833333333334,5.0,60.40000000000059,8.278145695364158
seller_3,conservative,0.5670833333333334,0.01000400060004,28.90000000000014,6.920415224913461
seller_1,aggressive,0.8491666666666666,5.0,150.09999999999576,6.99533644237195
seller_2,roi_driven,0.8491666666666666,5.0,61.500000000000604,8.130081300812929
seller_3,conservative,0.8491666666666666,0.010001,28.90000000000014,6.920415224913461
seller_1,aggressive,0.28748842592592594,5.0,150.09999999999576,6.99533644237195
seller_2,roi_driven,0.28748842592592594,5.0,63.000000000000625,7.936507936507858
seller_3,conservative,0.28748842592592594,0.010001,28.90000000000014,6.920415224913461
seller_1,aggressive,0.12365740740740741,5.0,150.09999999999576,6.99533644237195
seller_2,roi_driven,0.12365740740740741,5.0,64.10000000000063,7.800312012480422
seller_3,conservative,0.12365740740740741,0.01,28.90000000000014,6.920415224913461
seller_1,aggressive,0.24141203703703704,5.0,150.09999999999576,6.99533644237195
seller_2,roi_driven,0.24141203703703704,5.0,65.10000000000058,7.680491551459225
seller_3,conservative,0.24141203703703704,0.010007002100350031,28.90000000000014,6.920415224913461
seller_1,aggressive,0.6334837962962963,5.0,150.09999999999576,6.99533644237195
seller_2,roi_driven,0.6334837962962963,5.0,66.10000000000052,7.564296520423541
seller_3,conservative,0.6334837962962963,0.010008002800560066,28.90000000000014,6.920415224913461
seller_1,aggressive,0.9610648148148148,5.0,150.09999999999576,6.99533644237195
seller_2,roi_driven,0.9610648148148148,5.0,67.30000000000045,8.172362555720598
seller_3,conservative,0.9610648148148148,0.010016006493488935,28.90000000000014,6.920415224913461
seller_1,aggressive,0.29693287037037036,5.0,150.09999999999576,6.99533644237195
seller_2,roi_driven,0.29693287037037036,5.0,68.1000000000004,8.076358296622566
seller_3,conservative,0.29693287037037036,0.010005001000100003,28.90000000000014,6.920415224913461
seller_1,aggressive,0.14824074074074073,5.0,150.09999999999576,6.99533644237195
seller_2,roi_driven,0.14824074074074073,5.0,69.10000000000035,7.959479015918918
seller_3,conservative,0.14824074074074073,0.010005995993596214,28.90000000000014,6.920415224913461
seller_1,aggressive,0.10251157407407407,5.0,150.09999999999576,6.99533644237195
seller_2,roi_driven,0.10251157407407407,5.0,70.20000000000029,7.834757834757803
seller_3,conservative,0.10251157407407407,0.01,28.90000000000014,6.920415224913461
seller_1,aggressive,0.8182291666666667,5.0,150.09999999999576,6.99533644237195
seller_2,roi_driven,0.8182291666666667,5.0,71.20000000000023,7.72471910112357
seller_3,conservative,0.8182291666666667,0.010007002100350031,28.90000000000014,6.920415224913461
seller_1,aggressive,0.19306712962962963,5.0,150.09999999999576,6.99533644237195
seller_2,roi_driven,0.19306712962962963,5.0,72.40000000000016,7.596685082872911
seller_3,conservative,0.19306712962962963,0.01000400060004,28.90000000000014,6.920415224913461
seller_1,aggressive,0.9339467592592593,5.0,150.09999999999576,6.99533644237195
seller_2,roi_driven,0.9339467592592593,5.0,73.4000000000001,7.493188010899172
seller_3,conservative,0.9339467592592593,0.010001,28.90000000000014,6.920415224913461
seller_1,aggressive,0.731550925925926,5.0,150.09999999999576,6.99533644237195
seller_2,roi_driven,0.731550925925926,5.0,74.30000000000005,7.402422611036334
seller_3,conservative,0.731550925925926,0.010020007982771764,28.90000000000014,6.920415224913461
seller_1,aggressive,0.5004398148148148,5.0,150.09999999999576,6.99533644237195
seller_2,roi_driven,0.5004398148148148,5.0,75.10000000000001,7.323568575233022
seller_3,conservative,0.5004398148148148,0.010008998092584178,28.90000000000014,6.920415224913461
seller_1,aggressive,0.5184143518518518,5.0,150.09999999999576,6.99533644237195
seller_2,roi_driven,0.5184143518518518,5.0,75.69999999999997,7.265521796565392
seller_3,conservative,0.5184143518518518,0.01000300030001,28.90000000000014,6.920415224913461
seller_1,aggressive,0.8486805555555555,5.0,150.09999999999576,6.99533644237195
seller_2,roi_driven,0.8486805555555555,5.0,76.69999999999992,7.170795306388534
seller_3,conservative,0.8486805555555555,0.010001,28.90000000000014,6.920415224913461
seller_1,aggressive,0.6062268518518519,5.0,150.09999999999576,6.99533644237195
seller_2,roi_driven,0.6062268518518519,5.0,77.39999999999988,7.105943152454792
seller_3,conservative,0.6062268518518519,0.010001,28.90000000000014,6.920415224913461
seller_1,aggressive,0.3305439814814815,5.0,150.09999999999576,6.99533644237195
seller_2,roi_driven,0.3305439814814815,5.0,78.7999999999998,6.979695431472099
seller_3,conservative,0.3305439814814815,0.01000300030001,28.90000000000014,6.920415224913461
seller_1,aggressive,0.659699074074074,5.0,150.09999999999576,6.99533644237195
seller_2,roi_driven,0.659699074074074,5.0,79.99999999999973,6.875000000000023
seller_3,conservative,0.659699074074074,0.010001,28.90000000000014,6.920415224913461
seller_1,aggressive,0.5075810185185186,5.0,150.09999999999576,6.99533644237195
seller_2,roi_driven,0.5075810185185186,5.0,80.99999999999967,6.790123456790151
seller_3,conservative,0.5075810185185186,0.010005001000100003,28.90000000000014,6.920415224913461
seller_1,aggressive,0.061967592592592595,5.0,150.09999999999576,6.99533644237195
seller_2,roi_driven,0.061967592592592595,5.0,81.99999999999962,6.707317073170763
seller_3,conservative,0.061967592592592595,0.01,28.90000000000014,6.920415224913461
seller_1,aggressive,0.5315162037037037,5.0,150.09999999999576,6.99533644237195
seller_2,roi_driven,0.5315162037037037,5.0,82.79999999999957,6.642512077294721
seller_3,conservative,0.5315162037037037,0.010001,28.90000000000014,6.920415224913461
seller_1,aggressive,0.9449074074074074,5.0,150.09999999999576,6.99533644237195
seller_2,roi_driven,0.9449074074074074,5.0,84.0999999999995,6.539833531510146
seller_3,conservative,0.9449074074074074,0.010010004501200206,28.90000000000014,6.920415224913461
seller_1,aggressive,0.12103009259259259,5.0,150.09999999999576,6.99533644237195
seller_2,roi_driven,0.12103009259259259,5.0,84.89999999999945,6.478209658421714
seller_3,conservative,0.12103009259259259,0.01,28.90000000000014,6.920415224913461
seller_1,aggressive,0.8478009259259259,5.0,150.09999999999576,6.99533644237195
seller_2,roi_driven,0.8478009259259259,5.0,86.79999999999934,6.336405529953965
seller_3,conservative,0.8478009259259259,0.010007002100350031,28.90000000000014,6.920415224913461
seller_1,aggressive,0.796863425925926,5.0,150.09999999999576,6.99533644237195
seller_2,roi_driven,0.796863425925926,5.0,87.89999999999928,6.825938566552957
seller_3,conservative,0.796863425925926,0.010001,28.90000000000014,6.920415224913461
seller_1,aggressive,0.05924768518518519,5.0,150.09999999999576,6.99533644237195
seller_2,roi_driven,0.05924768518518519,5.0,88.59999999999924,6.772009029345431
seller_3,conservative,0.05924768518518519,0.01,28.90000000000014,6.920415224913461
seller_1,aggressive,0.8072916666666666,5.0,150.09999999999576,6.99533644237195
seller_2,roi_driven,0.8072916666666666,5.0,89.69999999999918,6.688963210702402
seller_3,conservative,0.8072916666666666,0.010008992584331265,28.90000000000014,6.920415224913461
seller_1,aggressive,0.7931712962962963,5.0,150.09999999999576,6.99533644237195
seller_2,roi_driven,0.7931712962962963,5.0,90.9999999999991,6.593406593406658
seller_3,conservative,0.7931712962962963,0.01000400060004,28.90000000000014,6.920415224913461
seller_1,aggressive,0.3905439814814815,5.0,150.09999999999576,6.99533644237195
seller_2,roi_driven,0.3905439814814815,5.0,92.39999999999903,6.493506493506562
seller_3,conservative,0.3905439814814815,0.01000300030001,28.90000000000014,6.920415224913461
seller_1,aggressive,0.10516203703703704,5.0,150.09999999999576,6.99533644237195
seller_2,roi_driven,0.10516203703703704,5.0,93.89999999999894,6.389776357827548
seller_3,conservative,0.10516203703703704,0.01,28.90000000000014,6.920415224913461
seller_1,aggressive,0.4161574074074074,5.0,150.09999999999576,6.99533644237195
seller_2,roi_driven,0.4161574074074074,5.0,94.6999999999989,6.335797254487931
seller_3,conservative,0.4161574074074074,0.010001,28.90000000000014,6.920415224913461
seller_1,aggressive,0.5454745370370371,5.0,150.09999999999576,6.99533644237195
seller_2,roi_driven,0.5454745370370371,5.0,95.39999999999885,6.289308176100705
seller_3,conservative,0.5454745370370371,0.010008002800560066,28.90000000000014,6.920415224913461
seller_1,aggressive,0.5786805555555555,5.0,150.09999999999576,6.99533644237195
seller_2,roi_driven,0.5786805555555555,5.0,95.79999999999883,6.263048016701537
seller_3,conservative,0.5786805555555555,0.010005001000100003,28.90000000000014,6.920415224913461
seller_1,aggressive,0.7303125,5.0,150.09999999999576,6.99533644237195
seller_2,roi_driven,0.7303125,5.0,96.49999999999879,6.217616580310959
seller_3,conservative,0.7303125,0.01000400060004,28.90000000000014,6.920415224913461
seller_1,aggressive,0.085625,5.0,150.09999999999576,6.99533644237195
seller_2,roi_driven,0.085625,5.0,97.19999999999875,6.172839506172918
seller_3,conservative,0.085625,0.01,28.90000000000014,6.920415224913461
seller_1,aggressive,0.24081018518518518,5.0,150.09999999999576,6.99533644237195
seller_2,roi_driven,0.24081018518518518,5.0,97.9999999999987,6.122448979591917
seller_3,conservative,0.24081018518518518,0.010001,28.90000000000014,6.920415224913461
seller_1,aggressive,0.5368402777777778,5.0,150.09999999999576,6.99533644237195
seller_2,roi_driven,0.5368402777777778,5.0,98.69999999999867,6.079027355623182
seller_3,conservative,0.5368402777777778,0.010001,28.90000000000014,6.920415224913461
seller_1,aggressive,0.7147337962962963,5.0,150.09999999999576,6.99533644237195
seller_2,roi_driven,0.7147337962962963,5.0,99.8999999999986,6.00600600600609
seller_3,conservative,0.7147337962962963,0.010009003600840121,28.90000000000014,6.920415224913461
seller_1,aggressive,0.24122685185185186,5.0,150.09999999999576,6.99533644237195
seller_2,roi_driven,0.24122685185185186,5.0,100.39999999999857,5.976095617529966
seller_3,conservative,0.24122685185185186,0.010001,28.90000000000014,6.920415224913461
seller_1,aggressive,0.32484953703703706,5.0,150.09999999999576,6.99533644237195
seller_2,roi_driven,0.32484953703703706,5.0,101.6999999999985,5.89970501474935
seller_3,conservative,0.32484953703703706,0.01000400060004,28.90000000000014,6.920415224913461
seller_1,aggressive,0.23972222222222223,5.0,150.09999999999576,6.99533644237195
seller_2,roi_driven,0.23972222222222223,5.0,102.49999999999845,5.8536585365854545
seller_3,conservative,0.23972222222222223,0.010006001500200012,28.90000000000014,6.920415224913461
seller_1,aggressive,0.4961574074074074,5.0,150.09999999999576,6.99533644237195
seller_2,roi_driven,0.4961574074074074,5.0,104.09999999999836,5.763688760807007
seller_3,conservative,0.4961574074074074,0.010006001500200012,28.90000000000014,6.920415224913461
seller_1,aggressive,0.5541782407407407,5.0,150.09999999999576,6.99533644237195
seller_2,roi_driven,0.5541782407407407,5.0,105.0999999999983,5.708848715509131
seller_3,conservative,0.5541782407407407,0.010005001000100003,28.90000000000014,6.920415224913461
seller_1,aggressive,0.26144675925925925,5.0,150.09999999999576,6.99533644237195
seller_2,roi_driven,0.26144675925925925,5.0,105.79999999999826,5.671077504725991
seller_3,conservative,0.26144675925925925,0.0100020001,28.90000000000014,6.920415224913461
seller_1,aggressive,0.2597685185185185,5.0,150.09999999999576,6.99533644237195
seller_2,roi_driven,0.2597685185185185,5.0,106.49999999999822,5.633802816901502
seller_3,conservative,0.2597685185185185,0.010028026795321407,28.90000000000014,6.920415224913461
seller_1,aggressive,0.03819444444444445,5.0,150.09999999999576,6.99533644237195
seller_2,roi_driven,0.03819444444444445,5.0,107.39999999999817,5.586592178771045
seller_3,conservative,0.03819444444444445,0.01,28.90000000000014,6.920415224913461
seller_1,aggressive,0.8321412037037037,5.0,150.09999999999576,6.99533644237195
seller_2,roi_driven,0.8321412037037037,5.0,108.29999999999812,5.540166204986246
seller_3,conservative,0.8321412037037037,0.010008002800560066,28.90000000000014,6.920415224913461
seller_1,aggressive,0.4229976851851852,5.0,150.09999999999576,6.99533644237195
seller_2,roi_driven,0.4229976851851852,5.0,109.19999999999807,5.494505494505591
seller_3,conservative,0.4229976851851852,0.010008002800560066,28.90000000000014,6.920415224913461
seller_1,aggressive,0.9196875,5.0,150.09999999999576,6.99533644237195
seller_2,roi_driven,0.9196875,5.0,110.19999999999801,5.444646098003728
seller_3,conservative,0.9196875,0.010010004501200206,28.90000000000014,6.920415224913461
seller_1,aggressive,0.6997685185185185,5.0,150.09999999999576,6.99533644237195
seller_2,roi_driven,0.6997685185185185,5.0,111.09999999999796,5.4005400540055
seller_3,conservative,0.6997685185185185,0.010001,28.90000000000014,6.920415224913461
seller_1,aggressive,0.4560648148148148,5.0,150.09999999999576,6.99533644237195
seller_2,roi_driven,0.4560648148148148,5.0,112.2999999999979,5.342831700801525
seller_3,conservative,0.4560648148148148,0.010006001500200012,28.90000000000014,6.920415224913461
seller_1,aggressive,0.5328356481481481,5.0,150.09999999999576,6.99533644237195
seller_2,roi_driven,0.5328356481481481,5.0,113.49999999999783,5.286343612334903
seller_3,conservative,0.5328356481481481,0.0100020001,28.90000000000014,6.920415224913461
seller_1,aggressive,0.9230671296296297,5.0,150.09999999999576,6.99533644237195
seller_2,roi_driven,0.9230671296296297,5.0,114.39999999999777,5.244755244755347
seller_3,conservative,0.9230671296296297,0.01000300030001,28.90000000000014,6.920415224913461
seller_1,aggressive,0.5353125,5.0,150.09999999999576,6.99533644237195
seller_2,roi_driven,0.5353125,5.0,115.5999999999977,5.190311418685224
seller_3,conservative,0.5353125,0.010007002100350031,28.90000000000014,6.920415224913461
seller_1,aggressive,0.06649305555555556,5.0,150.09999999999576,6.99533644237195
seller_2,roi_driven,0.06649305555555556,5.0,116.29999999999767,5.159071367154016
seller_3,conservative,0.06649305555555556,0.01,28.90000000000014,6.920415224913461
seller_1,aggressive,0.15533564814814815,5.0,150.09999999999576,6.99533644237195
seller_2,roi_driven,0.15533564814814815,5.0,117.19999999999762,5.11945392491478
seller_3,conservative,0.15533564814814815,0.01,28.90000000000014,6.920415224913461
seller_1,aggressive,0.9056944444444445,5.0,150.09999999999576,6.99533644237195
seller_2,roi_driven,0.9056944444444445,5.0,118.49999999999754,5.0632911392406115
seller_3,conservative,0.9056944444444445,0.010005995993596214,28.90000000000014,6.920415224913461
seller_1,aggressive,0.20207175925925927,5.0,150.09999999999576,6.99533644237195
seller_2,roi_driven,0.20207175925925927,5.0,118.89999999999752,5.046257359125421
seller_3,conservative,0.20207175925925927,0.010007002100350031,28.90000000000014,6.920415224913461
seller_1,aggressive,0.9357060185185185,5.0,150.09999999999576,6.99533644237195
seller_2,roi_driven,0.9357060185185185,5.0,119.59999999999748,5.016722408026862
seller_3,conservative,0.9357060185185185,0.010008002800560066,28.90000000000014,6.920415224913461
seller_1,aggressive,0.25546296296296295,5.0,150.09999999999576,6.99533644237195
seller_2,roi_driven,0.25546296296296295,5.0,120.8999999999974,4.96277915632765
seller_3,conservative,0.25546296296296295,0.0100020001,28.90000000000014,6.920415224913461
seller_1,aggressive,0.02502314814814815,5.0,150.09999999999576,6.99533644237195
seller_2,roi_driven,0.02502314814814815,5.0,122.09999999999734,4.914004914005021
seller_3,conservative,0.02502314814814815,0.01,28.90000000000014,6.920415224913461
seller_1,aggressive,0.05181712962962963,5.0,150.09999999999576,6.99533644237195
seller_2,roi_driven,0.05181712962962963,5.0,122.99999999999729,4.878048780487912
seller_3,conservative,0.05181712962962963,0.01,28.90000000000014,6.920415224913461
seller_1,aggressive,0.3917361111111111,5.0,150.09999999999576,6.99533644237195
seller_2,roi_driven,0.3917361111111111,5.0,123.79999999999724,5.654281098546168
seller_3,conservative,0.3917361111111111,0.0100020001,28.90000000000014,6.920415224913461
seller_1,aggressive,0.48042824074074075,5.0,150.09999999999576,6.99533644237195
seller_2,roi_driven,0.48042824074074075,5.0,124.69999999999719,5.613472333600768
seller_3,conservative,0.48042824074074075,0.01001501050455136,28.90000000000014,6.920415224913461
seller_1,aggressive,0.14039351851851853,5.0,150.09999999999576,6.99533644237195
seller_2,roi_driven,0.14039351851851853,5.0,126.09999999999711,5.551149881046915
seller_3,conservative,0.14039351851851853,0.01,28.90000000000014,6.920415224913461
seller_1,aggressive,0.44056712962962963,5.0,150.09999999999576,6.99533644237195
seller_2,roi_driven,0.44056712962962963,5.0,127.29999999999704,5.4988216810684705
seller_3,conservative,0.44056712962962963,0.010008002800560066,28.90000000000014,6.920415224913461
seller_1,aggressive,0.39275462962962965,5.0,150.09999999999576,6.99533644237195
seller_2,roi_driven,0.39275462962962965,5.0,127.79999999999701,5.477308294209831
seller_3,conservative,0.39275462962962965,0.010006001500200012,28.90000000000014,6.920415224913461
seller_1,aggressive,0.010266203703703704,5.0,150.09999999999576,6.99533644237195
seller_2,roi_driven,0.010266203703703704,5.0,129.39999999999694,5.409582689335522
seller_3,conservative,0.010266203703703704,0.01,28.90000000000014,6.920415224913461
seller_1,aggressive,0.8650925925925926,5.0,150.09999999999576,6.99533644237195
seller_2,roi_driven,0.8650925925925926,5.0,130.89999999999685,5.347593582887829
seller_3,conservative,0.8650925925925926,0.010005001000100003,28.90000000000014,6.920415224913461
seller_1,aggressive,0.1858101851851852,5.0,150.09999999999576,6.99533644237195
seller_2,roi_driven,0.1858101851851852,5.0,131.49999999999682,5.323193916349939
seller_3,conservative,0.1858101851851852,0.01,28.90000000000014,6.920415224913461
